unique_id,aggregated_abilities,program,latest_location,experience_years,firm_list,aggregated_skill
19960_Oracle Database Administrator/Architect Oracle Database Administrator/Architect Lead Oracle Database Administrator/Architect - Fannie Mae,"['Oracle Database Administration', 'Database Architect', 'Application development life cycle methodologies', 'Database and Application performance tuning', 'Implementing High Availability options', 'Oracle 10g RAC and Advanced Replication', 'Shell scripting', 'Capacity Planning', 'Space Management', 'Security Management', 'Auditing', 'Memory and Performance Tuning', 'RMAN backup and recovery', 'Database migration', 'Sybase database support', 'Oracle Workbench migration', 'Oracle Applications DBA', 'PeopleSoft DBA', 'SAP-Oracle DBA']",Bachelor of Computer Science,Dubai,31.89048596851472,"['Fannie Mae', 'John Deere & Company & ELM Resources', 'Agilent Technologies', 'JPMorgan Chase Group', 'Nortel Networks & CSC', 'KPMG PeatMarwick', 'John Deere & Co', 'Hewlett Packard', 'National Bank of Dubai', 'Terrazzo LLC', 'Bokaro Thermal Plant', 'AICAM Engineering Ltd']","['Oracle 11g/10g/9i/8i Database Administration', 'Database Architect with OLTP and Data Warehouse systems', 'Application development life cycle methodologies', 'Database and Application performance tuning', 'Implementing High Availability options using Data Guard with Zero Data Loss', 'Oracle 10g RAC and Advanced Replication in OLTP environment', 'Implementation of oracle 10g and its new features', 'Coordinating with Application, Development and QA teams during production deployments', 'Working & Co-coordinating with the onsite & offshore teams', 'Configuring and implementing 10G RAC with ASM disk on Linux and Windows servers', 'Setting up HA Data guard with Zero data loss (Maximum Availability) and standby databases', 'Working on Enterprise data warehouse and data marts', 'Configuring and Setting up disaster recovery site', 'Worked on Oracle Streams data replication including schema and tables replication', 'Setting up and maintaining data warehouse databases including writing ETL scripts to take data from mainframe DB2 warehouse systems to Oracle', 'Performing several RDBMS upgrades from 8i to 9i, 9i to 10g and 10g to 11g', 'Refreshing development and QA environment with production databases', 'Involved in the installation, maintenance and troubleshoot of databases OEM with grid control', 'Troubleshooting database performance with AWR/ADDM analysis and 24/7 support of databases', 'Worked on AIX 5.2, Solaris 10 (SunOS 5.10), HP UNIX 11, etc.', 'Worked on SAP-Oracle databases including taking backups, cloning and monitoring, worked on SAP OSS notes for issues and bugs related information, worked on SAP change transport, worked on SAPDBA utility, BR Tools, etc.', 'Database and necessary os monitoring by using BMC and OEM packages', 'Worked on power designer 10 & 11 for data modeling and reverse engineering', 'Refreshing/Cloning Instances', 'Patch Application', 'Working on third party tools such as Veritas Cluster Manager, Kintana, etc.', 'Responsible for Analyzing the need for applying the patches to the Applications database', 'Applying the patch to test instances and performs Rigorous Testing and subsequently applying to the Production Instance', 'Maintaining TARs using the Oracle Metalink for key Issues related to Applications', 'Performance tuning', 'Cloning of the instances (Test/Development/QA/Staging)', 'Creating application users and assigning responsibilities based on functionality', 'Monitoring the users, concurrent managers, setting profile options, identifying and resolving user issues', 'Responsible for documenting the process for reference', 'Daily Activities (Monitoring OS File system usage, Concurrent Managers, alert logs, Concurrent Managers logs, Tablespace usage, tns, Web, Forms and Reports Services)', 'Interaction with Oracle Developers to assist them in troubleshooting their problems related to Oracle Applications and Oracle Databases', 'Worked on Traditional and RMAN backup & recovery procedures and worked on setting up standby databases', 'Space management', 'RMAN backups', 'Pager support', 'Working on problem tickets including Shell scripting', 'Using AD utilities extensively like ADPATCH, ADADMIN, ADMERGE, and ADCTRL etc.', 'Coordinating with the offshore to get the work done', 'Installation and Upgrades on Sybase 11.x & 12.x and Oracle 8.x and 9.x Databases', 'Designing and executing the Event Center project which helps to have one-on-one meeting and group conference through the web', 'Working on Backup and Recovery Solution and Tuning Issues on Oracle and Sybase Databases, also configuration of Veritas Netbackup', 'Capacity Planning and Space Management, Security Management, Auditing, Memory and Performance Tuning', 'Supported 24X7 availability of DBA support Oracle-Siebel (CRM) and e-commerce databases on Oracle & Sybase Databases in various units of JPMorgan Chase DataCenters and effectively handled the disaster Recovery using BMC sql backtrack', 'Major designing of Online Investment Banking projects on Sybase which is also scalable on Oracle Database', 'Proactive Planning for Database Maintenance Activities', ""Delivering Application Group's expectations within deadlines"", 'Proactive Database Support throughout Application Development Life Cycles', 'Database upgrade and Migration, Conversion from File Maker Pro to Sybase and Sybase server to Oracle', 'Worked on 2 eCommerce project Migration from Sybase 11.9.2 & 12.0.0.3 to Oracle 8.1.7.2.1', 'Worked on Oracle Migration Workbench 2.0.2.0.0 and CAST third party tool for checking errors and functionality in the front end code which uses Sybase & Oracle Databases', 'Worked extensively on Database and Application / Procedure Migration from Sybase to Oracle databases and merged multiple Sybase databases to one oracle database while migration including Shell scripting', 'Worked extensively on Sybase EAServer, BEA Weblogic 5.x, Securant servers, etc.', 'Installation and configuration of Oracle version 8i on Solaris 2.6', 'Configuring and Setting up Replication and Standby Databases to guard against failure', 'Supporting and Troubleshooting ODBC, JDBC, SQL*Net and Network related stuff', 'Creation of databases and support for critical Database systems', 'Extensively worked on Database Migration from Oracle 7.x to 8.x', 'Creating Logical Volumes and managing raw volumes across the EMC disk', 'Maintained 5 Sybase Databases with size of 20GB', 'Extensively worked on architecting the system and laying out the file systems according to the hot spots and extensively worked on EMC BCV backups', 'Extensively worked on RMAN for Backup and Recovery scenarios', 'Administration of Oracle names Server and was involved in maintenance of sql*net and client configuration', 'Application Migration from Open VMS to Sun Solaris on E10K with EMC Disk Arrays', 'Database Monitoring: - Expert with HP OpenView, Oracle Enterprise Manager and SQL Navigator. Implemented failure detection and automatic troubleshooting using OEM and HP OpenView for Production databases', 'Extensive Knowledge of setting up Webservers, BroadVision and Weblogic apps. Servers', 'Designing the database, Sizing tables and indexes for proper storage mgmt for e-commerce application using Designer 2000', 'Extensively worked on GDIW (Global Data Information Warehouse) systems which are a global data warehouse database, which gets data from 50 system houses', 'Supports 24X7 availability of DBA support and size of the database is 650GB plus on 9 SAP servers and 40+ Non-SAP Oracle databases of varying size from 50GB to 250GB, in various units of Nortel DataCenters and effectively handled the disaster Recovery', 'Coordinating and scheduling changes to database based on requirements', 'Extensive experience on Veritas Netbackup Administration including Shell scripting', 'Installation and configuration of Oracle ver. 7.x/8.x/8i on Solaris 2.5/2.6', 'Configuring and Setting up Replication and Standby Databases to guard against failure', 'Supporting and Troubleshooting ODBC, JDBC, SQL*Net and Network related stuff', 'Creation of databases and support for critical Database systems', 'Installation and configuration of OEM 2.0.4, SQL Navigator and RMAN. Planning database backup and disaster recovery strategy. Responsible for Backup & Recovery using OEBU 2.2 for Oracle 7 Database and RMAN for Oracle 8 Databases with Veritas Netbackup 3.1.1', 'Administration of Oracle names Server and was involved in maintenance of sql*net and client configuration', 'Supported 24X7 availability of DBA support and size of the database is 150GB on 3 PeopleSoft servers and 40+ Non-PeopleSoft Oracle databases of varying size from 2GB to 10GB, and effectively handled the disaster Recovery', 'Database Monitoring: - Familiar with BMC Patrol, Oracle Enterprise Manager and SQL Navigator. Implemented failure detection and automatic troubleshooting using BMC Patrol for Production databases including Shell/AWK scripting', 'Designing the database, Sizing tables and indexes for proper storage mgmt. Using Designer 2000 and ERWIN Tools', 'Coordinating and scheduling changes to database based on requirements', 'Worked on Custom and Packaged Application and followed all the standards of the proprietary s/w and duties include Package system work plan development, Package implementation staffing requirements, Capacity planning, Design for performance, scalability and reliability, Business process knowledge, Product specific knowledge (product specific knowledge is expected to be temporal)', 'Worked on Remedy Package and Team Track Package and leveraged the package according to the Customer needs']"
11490_Cyber Surety Journeyman,"['Cyber security', 'System administration', 'Customer service', 'Vulnerability management', 'DISA STIG implementation', 'NIST RMF', 'IT security administration', 'Packet analysis', 'Network monitoring', 'Incident response', 'Threat research', 'Cyber threat advisories', 'Helpdesk support', 'Active Directory', 'Group Policy', 'Windows Server', 'Windows client', 'User provisioning', 'Server provisioning', 'Hardware upgrades', 'User training', 'Vulnerability mitigation', 'Standard operating procedures']",Masters of Science,"Tampa, FL",0.0,"['USAF', 'Bylight IT Professionals', 'Bylight IT Professionals', 'United States Air Force']","['Vulnerability Management', 'Nessus Security Center (ACAS)', 'DISA STIGs', 'NIST RMF', 'DISA Security Technical Implementation Guides', 'IT Security Administration', 'Wireshark', 'Packet Analysis', 'Network Monitoring', 'ArcSight ESM', 'ArcSight Logger', 'Bluecoat', 'McAfee HBSS', 'Splunk', 'Microsoft ATA', 'McAfee ATD', 'Fortigate Firewall', 'Incident Response', 'Threat Research', 'Cyber Threat Advisories', 'Helpdesk Support', 'Remedy', 'Active Directory', 'Group Policy', 'Windows Server 2012r2/2016', 'Windows 7/10', 'User Provisioning', 'Server Provisioning', 'Windows Server 2012R2', 'Windows Server 2008R2', 'Windows 7/10', 'Hardware Upgrades', 'User Training', 'Vulnerability Mitigation', 'DISA STIGs', 'Nessus', 'Standard Operating Procedures']"
18742_Scott Township,"['database design', 'PL/SQL', 'performance tuning', 'data analysis', 'programming', 'requirements gathering', 'troubleshooting', 'production support', 'post-production management/maintenance', 'reporting', 'testing', 'quality assurance', 'team player', 'passion for success', 'professional and personal improvement', 'experience and education']",Bachelor of Science in Mathematics in Education,"Lehman, PA",0.0,"['United States Postal Service', 'Jenkins Township, PA', 'TMG Health - Jessup, PA', 'Lake-Lehman High School - Lehman, PA']","['Oracle databases', 'PL/SQL', 'database design', 'data analysis', 'programming', 'requirements gathering', 'troubleshooting', 'production support', 'post-production management/maintenance', 'reporting', 'testing', 'quality assurance', 'Oracle SQL Queries', 'ad-Hoc reporting', 'VBA', 'SQL Server database', 'Microsoft Access', 'reporting', 'data analysis', 'business requirements', 'process improvement', 'Drools Expert', 'mathematics curriculum', 'Geometry', 'Algebra', 'Remedial Algebra', 'Precalculus', 'Calculus', 'Promethean Boards', 'Mathematica', 'GeoGebra', 'Khan Academy', 'tablet apps']"
51688_Michael Owuor,"['Active Directory and Windows Server Administration', 'Cisco Network Device installation and configuration', 'PC and Macs break fix problem resolution', 'Service Desk management', 'Technical support', 'Network engineering']",Master of Business Administration in Network and Communication Systems Management,"Newark, DE",14.652977412731005,"['Highpoint Solutions LLC', 'Highpoint Solutions LLC', 'BoxTechs, LLC', 'Sicom Systems', 'WebMax, LLC', 'Comcast Corporation', 'Dialnet Communications Systems Ltd']","['Active Directory', 'Windows Server Administration', 'Cisco Network Device installation and configuration', 'PC and Macs break fix problem resolution', 'Active Directory Administration', 'Office 365 Administration', 'Single Sign On administrations via the OKTA platform', 'PC and Mac applications installation and troubleshooting', 'Active Directory administration', 'Microsoft Exchange administration', 'Office 365 administration', 'Hardware provisioning', 'Network devices installation and configuration', 'Point of sale system diagnostics and troubleshooting', 'Help desk ticket documentation', 'PC, laptop and peripherals repair and maintenance', 'Home and small office network design and implementation', 'Software installation and upgrades', 'Virus detection and removal', 'Mobile device repair and upgrading', 'Cable, phone and internet technical support', 'Diagnostics and troubleshooting', 'Help desk ticket documentation', 'Cisco network hardware installation and configuration', 'PC hardware repair and replacement', 'Network connectivity troubleshooting', 'End user technical support', 'Network and server security implementation']"
3271_Sylvia Castro,"['Front End Developer', 'Web Development', 'Project Management', 'Customer Service', 'Logistics Management']",Bachelor of Science in Computer Information Systems in Web Development and Administration,"Chicago, IL",0.0,"['Americaneagle.com', 'Cambridge Business Publishers', 'C.H. Robinson Worldwide, Inc']","['HTML', 'ASP.NET', 'Moodle', 'HTML', 'CSS', 'Customer Service', 'Logistics Management']"
22459_Sr. UX Designer / UI Developer,"['Concept design', 'Prototyping', 'User interface design', 'Interface design', 'Information architecture', 'Visual design', 'Architecture', 'User interface', 'Ui', 'Html', 'Javascript', 'Ux', 'Css', 'jquery']",,"Palo Alto, CA",18.89664613278576,"['Cisco', 'Yuzu', 'YP Holdings LLC', 'NexTag', 'SolutionSet LLC', 'Freelancer']","['Design direction', 'New features and services implementation', 'Web platform prototyping', 'Sketch', 'Bootstrap', 'HTML5', 'CSS3', 'Angular JS', 'Rest', 'Github', 'Jira', 'Atom', 'Android platform app designing', 'Android developing process managing', 'iOS, Web, Windows platform apps UX supporting', 'Usability Research team at User Study sessions', 'Web, mobile platforms prototyping', 'Web, Mobile Web, Apps (iPhone/Android/iPad/Windows/Blackberry) designing', 'Ad solutions design', 'Mobile Apps (Web/Native) front-end developing', 'A/B testing interfaces designing', 'Microsites designing', 'Interaction flows prototyping', 'Designed and developed mock-ups, wireframes, storyboards, style guides, website UIs, flash animations, banners, corporate styles and logotypes', 'Designing mobile device software (for iPhones)', 'Website design, HTML/CSS/JavaScript pages developing, graphics optimization, PHP templates setting, Flash animations and AS2/3 XML driven application, web and print presentations, usability/accessibility/browser compatibility testing', 'Website design, html templates, optimized graphics, usability/accessibility/browser compatibility testing, developed pages in hand-coded html', 'Design, development and maintenance of web sites', 'Photoshop to improve/create images and background to deliver faster web pages to the user']"
10242_Security Control Assessor,"['Security', 'COBIT', 'Information security', 'ITIL', 'Nessus', 'NIST', 'FISMA', 'Document management', 'Configuration management', 'Document management systems', 'Assurance analyst', 'Information assurance', 'Content management', 'Documentation', 'Auditing', 'ECMS', 'Internal controls', 'Best practices', 'Scanning']",B.Sc. in Information Security,MD,19.40041067761807,"['TECH CONSULTING LLC', 'NCR', 'OKINYX IT', 'Midland Financial Services', 'NAMA', 'NAMA', 'NAMA']","['Security', 'NIST 800-37', 'NIST 800-53', 'FIPS 199', 'FIPS 200', 'OMB A-130', 'FedRAMP', 'NIST 800-34', 'Contingency Planning', 'POA&M', 'Continuous Monitoring', 'NIST SP 800-53A', 'Nessus', 'NIST SP 800-60', 'NIST SP 800-53', 'FIPS 199', 'Risk Management Framework', 'Certification and Accreditation', 'NIST 800-37', 'NIST 800-53', 'FIPS 199', 'FIPS 200', 'OMB A-130', 'FISMA', 'CSAM', 'FIPS 199', 'PTA', 'E-Authentication', 'Contingency Plan', 'Security Test & Evaluation', 'Security Assessment Plan', 'Security Assessment Report', 'Standard Operating Procedures', 'NIST 800-37', 'NIST 800-53', 'FIPS 199', 'FIPS 200', 'OMB A-130', 'FISMA', 'NIST SP 800-18', 'NIST SP 800-30', 'NIST SP 800-37', 'NIST SP 800-53', 'NIST SP 800-53A', 'NIST SP 800-60', 'Retina Network Security Scanner', 'Nessus', 'NIST SP 800-37', 'NIST SP 800-18', 'NIST SP 800-53', 'NIST SP 800-34', 'Risk Assessment', 'System Security Plan', 'POA&M', 'Configuration Management Plan', 'Contingency Plan', 'Incident Response Plan', 'Network Administration', 'Hardware Support', 'Software Installation', 'Data Backup', 'Disaster Recovery', 'Change Management', 'Technical Support', 'Hardware Troubleshooting', 'Software Troubleshooting', 'Network Connectivity', 'Active Directory', 'Accounting', 'Auditing', 'Internal Controls', 'Compliance']"
38816_Database Administrator,"['Ensures databases are secure', 'consistent', 'clearly defined', 'performing properly', 'Monitors user access', 'determine user needs', 'design databases', 'perform tests', 'ensure standards are maintained', 'work with other IT professionals and managers', 'ensure database integrity and security']",B.S. in Economics,"New Carrollton, MD",11.312799452429845,['Mattress Firm'],"['RDBMS database design', 'performance tuning', 'optimization', 'backup and recovery', 'SQL Server 2008/2008R2', 'SQL Server 2012', 'SQL Server 2014', 'Disaster Recovery Planning', 'Execution and Testing', 'SQL Server Tools', 'Import/Export Wizard', 'SQL Server Enterprise Manager', 'SQL Profiler', 'SQL Query Analyzer', 'High Availability (Always-On) SQL Server solutions', 'Replication Models (Snapshot/Transactional)', 'maintenance plans', 'database mail', 'E.T.L TOOLS (S.S.I.S, B.C.P, Import & Export Wizard)', 'S.S.R.S']"
40175_Peter Chubinskiy,"['Graphic Design', 'Web Development', 'Problem Solving', 'Teaching', 'Writing', 'Editing', 'Working with Diverse Groups', 'Project Management', 'Learning On-the-go']","BA in Literature, Visual Arts","Houston, TX",0.0,"['Testmasters', 'Internetbar.org Institute', 'CMedEd', 'John Manlove Marketing and Communications', 'International Facility Management Association', 'General Assembly', 'LRNGO, Inc.']","['Critical Reading', 'Multiple Choice & Essay Writing', 'SAT & ACT', 'Adobe Creative Cloud', 'Behance', 'Adobe Experience Design', 'UX/UI', 'Design Asset Management', 'HTML', 'CSS', 'WordPress', 'Adobe Photoshop', 'HTML', 'CSS', 'JavaScript', 'PHP', 'WordPress', 'Dreamweaver', 'HTML', 'CSS3', 'JavaScript', 'PHP', 'Adobe Suite', 'WordPress', 'HTML', 'CSS', 'JavaScript', 'jQuery', 'Node', 'MongoDB', 'NoSQL', 'Ruby on Rails', 'PostgreSQL', 'Angular', 'HTML5', 'CSS3', 'JavaScript', 'PHP', 'Zend Framework', 'BitBucket', 'API Development', 'Front-end Development', 'Back-end Development', 'Database Queries', 'Models and Controllers', 'JavaScript and HTML5 Interactive Features', 'Visual Design', 'Email Marketing']"
31762_Sr. Android Application Developer,"['C++', 'DESIGN PATTERNS', 'Git', 'GRADLE', 'GUI']",,"Hyderabad, Telangana",17.472963723477072,"['Heartland Payment Systems', 'AGCO Corporation', 'My Fitness Pal', 'Sears Holding Corp', 'SilverCloudTechnologies', 'Gail Technologies']","['Android SDK', 'Android 7.0/ 8.0/ 8.1/ 9.0', 'SQLite 3.6', 'Eclipse IDE 4.6', 'Java', 'Gradle', 'Dagger dependency injection', ""Android API's"", 'Retrofit', 'Android NDK', 'Kotlin 1.2/ 1.3', 'Android design library', 'Jenkins', 'JUnit', 'JDK 1.6', 'XML', 'JSON', 'HTML', 'CSS', 'SQLite', 'GPS service', 'Log cat', 'Windows 7', 'Git (code repository)', 'Android SDK 2.2', 'Android 7.1/ 8.0/ 8.1', 'SQLite 3.6', 'JAVA', 'Eclipse IDE 4.5', ""Android API's"", 'JDK 1.6', 'XML', 'JSON', 'GPS', 'ADT Plug-in', 'CVS (version control)', 'GMS', 'Gradle', 'TDD', 'JUNIT', 'Dagger 2', 'JSON', 'Dagger dependency Injection', 'JNI', 'Logcat', 'DDMS console', 'Android SDK', 'Android 5.0/ 6.0/ 7.1.2', ""Location API's"", 'JSON', 'Eclipse IDE 4.4', 'JAVA', 'Jenkins', 'Web view', 'GPS service', 'JSON', 'Google Maps', 'Broadcast receivers', 'Git-Hub', 'SQLite3', 'Multi-threading', 'HTTP', 'Logcat', 'Wi-Fi manager', 'Android SDK', 'Git', 'Bean Stack', 'Android 5.0/ 6.0', 'REST', 'JSON', 'Java', 'Pro Guard', 'Google Maps API', 'CI/CD Tools', 'JSON', 'Android Emulator', 'SQLite', 'Linux/UNIX', 'XML', 'Android 2.0, 3.0, 4.4 versions', 'Java', 'Android SDK', 'ADT', 'REST', 'Notification', 'Android NDK Shared Preferences', 'Fragments', 'JSON', 'SQLite', 'HTML', 'JavaScript', 'CSS', 'XML', 'payment gateway', 'Java 1.4', 'Java Script', 'CSS', 'HTML', 'SOAP', 'MVC', 'Spring Security', 'Hibernate', 'Struts', 'Rest', 'PL/ SQL', 'Spring Boot', 'Spring', 'OAUTH', 'PCF', 'REST', 'ORM']"
9599_IT Security Analyst,"['IT Security', 'Threat analysis', 'Incident response', 'Network surveillance', 'Risk Management Framework', 'NIST', 'System Development Life Cycle', 'Information security documents', 'Security Assessment Plans', 'Security Assessment Reports', 'IT risk assessment', 'System Security Plan', 'Plan of Action & Milestone', 'Risk Assessment', 'Security Control Assessment', 'Cyber security policies', 'Security logs', 'Vulnerability Scanning', 'NIST 800-60', 'FIPS 199', 'NIST 800-53 rev 4', 'FIPS 200', 'NIST 800-37 Rev 1', 'Security Assessment Report', 'Security Test and Evaluation', 'Risk Assessment', 'System Security Plans', 'System Categorization', 'Information security risk assessments', 'Contingency plans', 'Incident response plans', 'Plan of action and milestones']",BA of Computer Science in Certified Authorization Professional CAP,"Baltimore, MD",12.145106091718002,"['MVM Inc', 'Cyber Point']","['Threat analysis', 'Incident response', 'Network surveillance', 'Risk Management Framework (RMF)', 'National Institute of Technology (NIST)', 'System Development Life Cycle (SDLC)', 'Information security documents', 'Security Assessment Plans (SAP)', 'Security Assessment Reports (SARs)', 'IT risk assessment', 'System Security Plan (SSP)', 'Plan of Action & Milestone (POA&M)', 'Risk Assessment (RA)', 'NIST 800-37 rev1', 'NIST SP 800-53', 'FIPS 199', 'FIPS 200', 'NIST SP 800-53A R4', 'Security Control Assessment (SCA)', 'NIST SP 800-53A Revision 4', 'Cyber security policies', 'Security logs', 'Nessus vulnerability Scanners', 'NIST 800-60', 'FIPS 199', 'NIST 800-53 rev 4', 'FIPS 200', 'NIST 800-37 Rev 1', 'Security Assessment Report (SAR)', 'Security Test and Evaluation (ST&E)', 'Risk Assessment', 'System Security Plans', 'System Categorization', 'Information security risk assessments', 'Contingency plans', 'Incident response plans', 'Plan of action and milestones (POA&Ms)']"
4837_Front End UI Developer,"['self-driven', 'customer oriented', 'efficient', 'proper knowledge of HTML, CSS, JavaScript', 'efficient in planning and work', 'excellent problem solving and communication skills', 'well organized', 'positive attitude', 'strong work ethics', 'team player', 'deadline oriented', 'highly motivated', 'reliable', 'analytical problem solver', 'troubleshooter', 'strong attention to detail', 'quick learner', 'proficient in solving technical issues']",Bachelor of Engineering in Electronics and Communication,"Oklahoma City, OK",2.086242299794661,['CYIENT'],"['HTML5', 'JavaScript', 'jQuery', 'PHP', 'MySQL', 'CSS3', 'AJAX', 'JSON', 'XML', 'Backbone.js', 'Angular.js', 'Agile', 'SCRUM']"
50550_Full Stack Java Developer,"['SOAP JAXB', 'Spring MVC', 'Struts', 'Angular 2/4', 'Kafka', 'React', 'Docker', 'Microservices', 'AWS', 'JMS', 'JDBC', 'Servlets', 'JSP', 'Hibernate', 'JUnit', 'Oracle', 'JIRA', 'GitHub', 'GitLab', 'Spring', 'Struts', 'Hibernate', 'SOAP', 'REST', 'Kafka', 'Jenkins', 'Gradle', 'Bamboo', 'jQuery', 'Ajax', 'JavaScript', 'NodeJS', 'ReactJS', 'BackboneJS', 'AngularJS', 'J2EE', 'Hibernate', 'Spring', 'SOAP', 'WSDL', 'SOA', 'UML', 'PL/SQL', 'Hadoop', 'Flume', 'Pig', 'Hive', 'HBase', 'Oozie', 'Zookeeper', 'Sqoop', 'Spark', 'Kafka', 'Docker', 'Jenkins', 'Swagger', 'IBM WebSphere', 'JSF', 'JSTL', 'GWT']",,"Bengaluru, Karnataka",8.147843942505133,"['SiriusXM Satellite Radio', 'JPMorgan Chase', 'Wipro']","['SOAP JAXB', 'Spring MVC', 'Struts', 'Angular 2/4', 'Kafka', 'React', 'Docker', 'Microservices', 'AWS', 'JMS', 'JDBC', 'Servlets', 'JSP', 'Hibernate', 'JUnit', 'Oracle', 'JIRA', 'GitHub', 'GitLab', 'Spring', 'Struts', 'Hibernate', 'SOAP', 'REST', 'Kafka', 'Jenkins', 'Gradle', 'Bamboo', 'jQuery', 'Ajax', 'JavaScript', 'NodeJS', 'ReactJS', 'BackboneJS', 'AngularJS', 'J2EE', 'Hibernate', 'Spring', 'SOAP', 'WSDL', 'SOA', 'UML', 'PL/SQL', 'Hadoop', 'Flume', 'Pig', 'Hive', 'HBase', 'Oozie', 'Zookeeper', 'Sqoop', 'Spark', 'Kafka', 'Docker', 'Jenkins', 'Swagger', 'IBM WebSphere', 'JSF', 'JSTL', 'GWT']"
5752_Front End Engineer,"['Over 5 Years of IT experience in development of web-based, client/server, distributed and Object oriented applications', 'Involved in various Phases of Software Development Life Cycle (SDLC) i.e. Analysis, Design, Development, Implementation, Testing and User Training of Enterprise Web-Applications, stand alone and Distributed applications', 'Strong knowledge of SCRUM, Agile development', 'Experience in developing the projects using various web frameworks, Angular, AngularJs, Sencha ExtJs, Node.js, AJAX, JavaScript and JQuery', 'Extensive Experience in writing Stored Procedures and User Defined Functions in SQL Server 2008/2012', 'Experience in writing Data Access Layers using an MVC-based architecture', 'Created persistent connection, relationships between databases using MySQLi (MySQL improved) to PHP and Node.js to MySQL to manage relational data as JSON objects', 'Knowledge on MongoDB, Mongoose for Object-Document Mapping (ODM)', 'Proficient in using User controls and custom controls for application development', 'Experience in implementing Authentication and Authorization for the applications', 'Proficient in developing applications using ExtJs, React.js library', 'Expertise in writing Stored Procedures, Triggers, Functions, Views and Performance Tuning', 'Ability to adapt for new tools and technologies quickly and apply to the applications/projects', 'Innovative with a special talent for trouble shooting and resolving complex technical problems and escalated issues', 'Extensively used MS Visual Source Safe (VSS) and Git for software configuration management and version control', 'Expertise in installing, developing and deploying applications on web servers such as Amazon Web Services (AWS) and Heroku', 'Experience in implementing error handling, exception management, tracing and logging features', 'Worked on Jest, QUnit, Mocha and Jasmine libraries for Unit Tests and Acceptance Tests and performed code reviews', 'A team player with excellent interpersonal, communication and presentation skills']",,"Piscataway, NJ",12.895277207392198,"['TKC Holdings Inc', 'AT&T']","['Angular', 'Spring MVC', 'Node.js', 'Java', 'CSS', 'AJAX', 'jQuery', 'jqGrid', 'Chart.js', 'IIS7.5', 'SQL-Server 2012', 'Angular', 'Spring MVC', 'REST', 'JavaScript', 'jQuery', 'Node', 'WCF', 'IIS 7.0', 'AJAX', 'PHP', 'HTML5', 'CSS']"
"44510_Consultant, NY/LI","['Project Planning', 'Monitoring and Controls', 'Requirements Planning', 'Communications Plans', 'Risk Plans', 'Cost Expenditure Plans', 'Issues Tracking', 'Status Reporting', 'Schedule Management', 'Risk Management', 'Business Requirements Documentation', 'Solution Development', 'Test Planning and Execution', 'Business Analysis', 'Client Relationship Management', 'UAT Planning', 'Process Improvement', 'PMO Setup', 'Strategic Initiatives', 'Financial Reporting', 'Forecasting', 'PDLC Conformance', 'Traceability Matrices', 'Change Control', 'CMM Level 2', 'Six Sigma', 'System Design', 'Accounting System Implementation', 'Liaison']",MBA in Business Management,"New York, NY",39.97262149212868,"['PM Concept', 'Cablevision', 'Department of Education', 'MetLife', 'Citi Bank', 'JP Morgan Chase', 'Computer Concepts & Resources Inc', 'NPD Group', 'JP Morgan Chase', 'JP Morgan Chase', 'Banque Nationale de Paris']","['Project Planning', 'Monitoring and Controls', 'WBS', 'Requirements Planning', 'Communications Plans', 'Risk Plans', 'Cost Expenditure Plans', 'Issues Tracking', 'Status Reporting', 'Project Planning', 'Monitoring and Controls', 'WBS', 'Requirements Planning', 'Communications Plans', 'Risk Plans', 'Cost Expenditure Plans', 'Issues Tracking', 'Status Reporting', 'Schedule Management', 'Risk Management', 'Status Reporting', 'Project Management', 'Infrastructure Management', 'Microsoft Program Management', 'Status Reporting', 'Risk Management', 'Project Management', 'Legal Department Business Requirements', 'Work Planning', 'Scheduling', 'Resource Planning', 'Budgeting', 'Status Reporting', 'Risk and Issue Management', 'Project Management', 'Retail Bank Initiatives', 'Project Planning', 'Scheduling', 'Issue Tracking', 'Risk Assessment', 'Status Reporting', 'Business Delivery', 'Business Requirements Documentation', 'Solution Development', 'Project Planning', 'Resource Management', 'Test Planning and Execution', 'Business Analysis', 'Project Planning', 'Scheduling', 'Resource Management', 'Client Relationship Management', 'Business Analysis', 'Requirements Gathering', 'UAT Planning', 'Process Improvement', 'PMO Setup', 'Strategic Initiatives', 'Financial Reporting', 'Forecasting', 'Project Management', 'Project Management', 'PDLC Conformance', 'Traceability Matrices', 'Change Control', 'CMM Level 2', 'Six Sigma', 'Business Requirements', 'System Design', 'Test Planning', 'UAT', 'Accounting System Implementation', 'Liaison']"
17343_IT Specialist IT Specialist IT Specialist - Sysadmin / Infosec,"['IT Specialist', 'Sysadmin', 'Infosec', 'Network Support', 'Amazon Web Services', 'Microsoft Azure', 'Cybersecurity', 'Technical Support']",B.S. in Cybersecurity,"San Diego, CA",0.0,"['Naval Information Warfare Center Pacific (Formerly SPAWAR System Center Pacific)', 'Patenaude & Felix, APC']","['Identify and resolve network issues', 'Ensure Windows workstation and server compliance', 'Remediate post-scan security findings', 'Review architectural proposals', 'Manage customer expectations', 'Deconflict cross-project conflicts', 'Mitigate project risks', 'Prepare system security compliance packages', 'Fill capability gaps', 'Engineer solutions and conduct experimentation', 'Maintained the WAN, LAN, server infrastructure, and workstations', 'Managed the helpdesk', 'Conducted regular remote troubleshooting', 'Reviewed firewall logs', 'Supported multiple site-to-site VPNs', 'Maintained PCI compliance', 'Moved the backup system from tape to Amazon Glacier', 'Managed and administered the Exchange 2013 email server']"
51317_Security Systems Administrator,"['Visual Studio', 'C#', 'Scripting', 'Linux', 'Computer Troubleshooting', 'Active Directory', 'System Administrator', 'System Admin']",Bachelor of Business Administration degree in Information Systems,"Cleveland, OH",10.647501711156742,"['Cleveland State University', 'Cleveland State University']","[""Supported and maintained the university's physical security IT infrastructure (51+ servers)"", 'Developed and maintained software scripts to maintain systems', 'Trained and supported users using departmental software and documentation', ""Supported the university's telecommunications infrastructure"", ""Created and resolved end-user issues received via university's Help Desk system"", 'Wrote user documentation on Microsoft Office 365', 'Trained new hires on network policies and procedures']"
52454_Sr. Network Engineer Sr. Network Engineer IT Engineer with Vast Security Experience that is able to Think Outside the Box,"['Passion for technology and building infrastructure', 'Designing, implementing, securing, operating and maintaining data centers, support organizations and network infrastructures', 'Developing cost-effective business process enhancements and systems by creatively using existing infrastructure', 'Authorized to work in the US for any employer']",BS in Information Systems,"Lansing, KS",20.47912388774812,"['Apex Systems / CDW for Advent Health', 'Adaptive Solutions Group', 'Glacier Technologies, LLC', 'Farmobile.com', 'URL Digital Media, LLC', 'Providence Medical Center', 'Bison IT', 'Absolute Computer Solutions', 'Armed Forces Insurance', 'First Group', 'First Group']","['Network Engineering', 'Network Security', 'IT Security', 'Endpoint Protection', 'Software Network Defined Access & Threat Intelligence', 'Network Engineering', 'Network Infrastructure', 'Network Projects', 'Network Engineering', 'VMware & Server Administration', 'Network Engineering', 'Network Security', 'IT Director', 'Enterprise Email Engineer', 'Procurement', 'Business Continuity & Disaster Recovery', 'VMware & Server Administration', 'Network & Server Support', 'Network Engineering', 'Network Architecture & Integration', 'Network Security', 'PACs Technology Support', 'Server and VMware Administration', 'Network Engineer', 'IT Security Engineer', 'Consultant', 'Server Administrator', 'Allscripts Professional EHR Consultant/Support', 'Tier II & III Support', 'PACs Technology Administrator and Network Integration specialist', 'Network Engineer', 'Network Security', 'Tier II & III support', 'EHR / EMR Support Specialist', 'Server Administrator', 'Backup & Disaster Recovery', 'Network Engineer', 'Network Monitoring & Security', 'Network VoIP Engineer', 'Network Administrator', 'Exchange E-Mail Messaging', 'Managed Server Patch Management', 'VMWare ESX Support', 'HelpDesk Manager', 'Network Security', 'NOC/SOC & COLO', 'E-Mail Administrator', 'Server Patch Management', 'Server Hardware Specialist', 'Cisco VoIP Support', 'Support Specialist', 'System Support Specialist', 'Cisco VoIP Support', 'Workstation Patch Management', 'Helpdesk Support']"
5370_Senior Front-End Developer,"['React', 'HTML', 'Angular2', 'AngularJS', 'Javascript']",Master of Science in Electrical Engineering,"Beijing, CN",4.58590006844627,"['Sprint', 'Lincoln Property Company', 'Trintech Inc', 'Cheetah Mobile Inc']","['React JS', 'Redux', 'Babel', 'NodeJS', 'JavaScript', 'HTML5', 'CSS3', 'Bootstrap', 'AJAX', 'JSON', 'RWD', 'NPM', 'jQuery', 'GIT', 'Agile', 'Scrum', 'HTML5', 'CSS3', 'JavaScript', 'AngularJS', 'Angular 2', 'JSON', 'AJAX', 'Bootstrap', 'NodeJS', 'MongoDB', 'Web Service', 'HTML5', 'CSS3', 'JavaScript', 'jQuery', 'AngularJS', 'Bootstrap', 'AJAX', 'JSON', 'HTML', 'CSS', 'XML', 'DOM', 'JavaScript', 'AJAX', 'JSON']"
18092_Archit Garg,"['Software Development', 'Web Development', 'Python', 'Java', 'Android', 'C++', 'C#', 'ASP.NET', 'Web Scraping', 'Django', 'PHP', 'HTML', 'CSS', 'JavaScript', 'XML', 'JSON', 'Hadoop', 'HBase', 'HDFS', 'Spark', 'RDBMS', 'MySQL', 'SQLite', 'AWS', 'RRDTool', 'Ganglia Monitoring System', 'CDMA', 'GSM', 'VOIP Protocols', 'LTE', 'Call Model', 'Call Processing', 'Mobile Network', 'TCP/IP', 'OSPF', 'BGP', 'DVMRP', 'MOSPF', 'MPLS', 'Radius', 'Wireshark', 'Linux', 'Cacti', 'IPAM', 'MATLAB', 'LabVIEW', 'Adobe Photoshop', 'Microsoft Office']",Masters of Science in Computer Science,Mysore,0.0,"['Genscape', 'Univ. of Texas at Dallas', 'CHT4 Corporation', 'Infosys Technologies']","['Software Development', 'Grading', 'Assisting Professor', 'Proctoring', 'Python', 'Django', 'Web Development', 'Front-end Development', 'Networking', 'System Configuration', 'System Installation', 'System Standards']"
